uniform-grid_16-client_0-attacker_14-seconds,fd01,60001
uniform-grid_16-client_0-attacker_20-seconds,fd02,60002
uniform-grid_16-client_0-attacker_30-seconds,fd03,60003
uniform-grid_16-client_0-attacker_40-seconds,fd04,60004
uniform-grid_16-client_0-attacker_50-seconds,fd05,60005
uniform-grid_16-client_0-attacker_60-seconds,fd06,60006
uniform-grid_16-client_1-attacker_14-seconds,fd07,60007
uniform-grid_16-client_1-attacker_20-seconds,fd08,60008
uniform-grid_16-client_1-attacker_30-seconds,fd09,60009
uniform-grid_16-client_1-attacker_40-seconds,fd0a,60010
uniform-grid_16-client_1-attacker_50-seconds,fd0b,60011
uniform-grid_16-client_1-attacker_60-seconds,fd0c,60012
uniform-grid_16-client_2-attacker_14-seconds,fd0d,60013
uniform-grid_16-client_2-attacker_20-seconds,fd0e,60014
uniform-grid_16-client_2-attacker_30-seconds,fd0f,60015
uniform-grid_16-client_2-attacker_40-seconds,fd10,60016
uniform-grid_16-client_2-attacker_50-seconds,fd11,60017
uniform-grid_16-client_2-attacker_60-seconds,fd12,60018
uniform-grid_16-client_3-attacker_14-seconds,fd13,60019
uniform-grid_16-client_3-attacker_20-seconds,fd14,60020
uniform-grid_16-client_3-attacker_30-seconds,fd15,60021
uniform-grid_16-client_3-attacker_40-seconds,fd16,60022
uniform-grid_16-client_3-attacker_50-seconds,fd17,60023
uniform-grid_16-client_3-attacker_60-seconds,fd18,60024
uniform-grid_16-client_4-attacker_14-seconds,fd19,60025
uniform-grid_16-client_4-attacker_20-seconds,fd1a,60026
uniform-grid_16-client_4-attacker_30-seconds,fd1b,60027
uniform-grid_16-client_4-attacker_40-seconds,fd1c,60028
uniform-grid_16-client_4-attacker_50-seconds,fd1d,60029
uniform-grid_16-client_4-attacker_60-seconds,fd1e,60030
uniform-grid_36-client_0-attacker_26-seconds,fd1f,60031
uniform-grid_36-client_0-attacker_30-seconds,fd20,60032
uniform-grid_36-client_0-attacker_40-seconds,fd21,60033
uniform-grid_36-client_0-attacker_50-seconds,fd22,60034
uniform-grid_36-client_0-attacker_60-seconds,fd23,60035
uniform-grid_36-client_1-attacker_26-seconds,fd24,60036
uniform-grid_36-client_1-attacker_30-seconds,fd25,60037
uniform-grid_36-client_1-attacker_40-seconds,fd26,60038
uniform-grid_36-client_1-attacker_50-seconds,fd27,60039
uniform-grid_36-client_1-attacker_60-seconds,fd28,60040
uniform-grid_36-client_2-attacker_26-seconds,fd29,60041
uniform-grid_36-client_2-attacker_30-seconds,fd2a,60042
uniform-grid_36-client_2-attacker_40-seconds,fd2b,60043
uniform-grid_36-client_2-attacker_50-seconds,fd2c,60044
uniform-grid_36-client_2-attacker_60-seconds,fd2d,60045
uniform-grid_36-client_3-attacker_26-seconds,fd2e,60046
uniform-grid_36-client_3-attacker_30-seconds,fd2f,60047
uniform-grid_36-client_3-attacker_40-seconds,fd30,60048
uniform-grid_36-client_3-attacker_50-seconds,fd31,60049
uniform-grid_36-client_3-attacker_60-seconds,fd32,60050
uniform-grid_36-client_4-attacker_26-seconds,fd33,60051
uniform-grid_36-client_4-attacker_30-seconds,fd34,60052
uniform-grid_36-client_4-attacker_40-seconds,fd35,60053
uniform-grid_36-client_4-attacker_50-seconds,fd36,60054
uniform-grid_36-client_4-attacker_60-seconds,fd37,60055
uniform-grid_64-client_0-attacker_47-seconds,fd38,60056
uniform-grid_64-client_0-attacker_50-seconds,fd39,60057
uniform-grid_64-client_0-attacker_60-seconds,fd3a,60058
uniform-grid_64-client_0-attacker_70-seconds,fd3b,60059
uniform-grid_64-client_1-attacker_47-seconds,fd3c,60060
uniform-grid_64-client_1-attacker_50-seconds,fd3d,60061
uniform-grid_64-client_1-attacker_60-seconds,fd3e,60062
uniform-grid_64-client_1-attacker_70-seconds,fd3f,60063
uniform-grid_64-client_2-attacker_47-seconds,fd40,60064
uniform-grid_64-client_2-attacker_50-seconds,fd41,60065
uniform-grid_64-client_2-attacker_60-seconds,fd42,60066
uniform-grid_64-client_2-attacker_70-seconds,fd43,60067
uniform-grid_64-client_3-attacker_47-seconds,fd44,60068
uniform-grid_64-client_3-attacker_50-seconds,fd45,60069
uniform-grid_64-client_3-attacker_60-seconds,fd46,60070
uniform-grid_64-client_3-attacker_70-seconds,fd47,60071
uniform-grid_64-client_4-attacker_47-seconds,fd48,60072
uniform-grid_64-client_4-attacker_50-seconds,fd49,60073
uniform-grid_64-client_4-attacker_60-seconds,fd4a,60074
uniform-grid_64-client_4-attacker_70-seconds,fd4b,60075
random-grid_16-client_0-attacker_20-seconds,fd4c,60076
random-grid_16-client_0-attacker_30-seconds,fd4d,60077
random-grid_16-client_0-attacker_40-seconds,fd4e,60078
random-grid_16-client_0-attacker_50-seconds,fd4f,60079
random-grid_16-client_0-attacker_60-seconds,fd50,60080
random-grid_16-client_1-attacker_20-seconds,fd51,60081
random-grid_16-client_1-attacker_30-seconds,fd52,60082
random-grid_16-client_1-attacker_40-seconds,fd53,60083
random-grid_16-client_1-attacker_50-seconds,fd54,60084
random-grid_16-client_1-attacker_60-seconds,fd55,60085
random-grid_16-client_2-attacker_20-seconds,fd56,60086
random-grid_16-client_2-attacker_30-seconds,fd57,60087
random-grid_16-client_2-attacker_40-seconds,fd58,60088
random-grid_16-client_2-attacker_50-seconds,fd59,60089
random-grid_16-client_2-attacker_60-seconds,fd5a,60090
random-grid_16-client_3-attacker_20-seconds,fd5b,60091
random-grid_16-client_3-attacker_30-seconds,fd5c,60092
random-grid_16-client_3-attacker_40-seconds,fd5d,60093
random-grid_16-client_3-attacker_50-seconds,fd5e,60094
random-grid_16-client_3-attacker_60-seconds,fd5f,60095
random-grid_16-client_4-attacker_20-seconds,fd60,60096
random-grid_16-client_4-attacker_30-seconds,fd61,60097
random-grid_16-client_4-attacker_40-seconds,fd62,60098
random-grid_16-client_4-attacker_50-seconds,fd63,60099
random-grid_16-client_4-attacker_60-seconds,fd64,60100
random-grid_36-client_0-attacker_40-seconds,fd65,60101
random-grid_36-client_0-attacker_50-seconds,fd66,60102
random-grid_36-client_0-attacker_60-seconds,fd67,60103
random-grid_36-client_1-attacker_40-seconds,fd68,60104
random-grid_36-client_1-attacker_50-seconds,fd69,60105
random-grid_36-client_1-attacker_60-seconds,fd6a,60106
random-grid_36-client_2-attacker_40-seconds,fd6b,60107
random-grid_36-client_2-attacker_50-seconds,fd6c,60108
random-grid_36-client_2-attacker_60-seconds,fd6d,60109
random-grid_36-client_3-attacker_40-seconds,fd6e,60110
random-grid_36-client_3-attacker_50-seconds,fd6f,60111
random-grid_36-client_3-attacker_60-seconds,fd70,60112
random-grid_36-client_4-attacker_40-seconds,fd71,60113
random-grid_36-client_4-attacker_50-seconds,fd72,60114
random-grid_36-client_4-attacker_60-seconds,fd73,60115
random-grid_64-client_0-attacker_70-seconds,fd74,60116
random-grid_64-client_1-attacker_70-seconds,fd75,60117
random-grid_64-client_2-attacker_70-seconds,fd76,60118
random-grid_64-client_3-attacker_70-seconds,fd77,60119
random-grid_64-client_4-attacker_70-seconds,fd78,60120
